branch,customer,first_order,last_order,total_spent,order_count
Conut - Tyre,Person_0662,2025-12-31 19:04:,2025-12-31 19:04:,2116800.0,1
Conut - Tyre,Person_0663,2025-12-30 20:49:,2025-12-30 20:49:,3836700.0,1
Conut - Tyre,Person_0664,2025-12-30 19:30:,2025-12-30 19:30:,1256850.0,1
Conut - Tyre,Person_0665,2025-12-29 21:10:,2025-12-29 21:10:,2282910.0,1
Conut - Tyre,Person_0666,2025-12-24 13:33:,2025-12-24 22:52:,0.0,2
Conut - Tyre,Person_0667,2025-12-24 14:06:,2025-12-24 14:06:,1653750.0,1
Conut - Tyre,Person_0668,2025-12-21 19:19:,2025-12-21 19:19:,3638250.0,1
Conut - Tyre,Person_0669,2025-12-20 19:43:,2025-12-20 19:43:,4762799.9,1
Conut - Tyre,Person_0670,2025-12-20 21:30:,2025-12-20 21:30:,4630500.0,1
Conut - Tyre,Person_0671,2025-12-20 21:14:,2025-12-20 21:59:,0.0,2
Conut - Tyre,Person_0672,2025-12-19 23:01:,2025-12-19 23:01:,1323000.0,1
Conut - Tyre,Person_0673,2025-12-16 12:40:,2025-12-16 12:40:,3638249.9,1
Conut - Tyre,Person_0674,2025-12-14 18:58:,2025-12-14 18:58:,4498199.9,1
Conut - Tyre,Person_0675,2025-12-12 19:55:,2025-12-12 19:55:,3375120.0,1
Conut - Tyre,Person_0676,2025-12-12 20:37:,2025-12-12 20:37:,1786050.0,1
Conut - Tyre,Person_0677,2025-12-11 21:59:,2025-12-11 21:59:,6085799.9,1
Conut - Tyre,Person_0678,2025-12-11 22:16:,2025-12-11 22:16:,3109049.9,1
Conut - Tyre,Person_0679,2025-12-09 20:04:,2025-12-09 20:04:,1719900.0,1
Conut - Tyre,Person_0680,2025-12-06 18:25:,2025-12-06 18:25:,5424300.0,1
Conut - Tyre,Person_0681,2025-12-05 23:03:,2025-12-05 23:03:,1653750.0,1
Conut - Tyre,Person_0682,2025-12-05 19:52:,2025-12-05 19:52:,3572100.0,1
Conut - Tyre,Person_0683,2025-12-04 13:27:,2025-12-04 13:27:,1719900.0,1
Conut - Tyre,Person_0684,2025-12-03 21:24:,2025-12-03 21:24:,7739550.0,1
Conut - Tyre,Person_0685,2025-12-03 19:36:,2025-12-03 19:36:,3539759.9,1
Conut - Tyre,Person_0686,2025-11-29 21:07:,2025-11-29 21:07:,1587600.0,1
Conut - Tyre,Person_0687,2025-11-28 23:13:,2025-11-28 23:13:,1653750.0,1
Conut - Tyre,Person_0688,2025-11-28 20:53:,2025-11-28 20:53:,1786050.0,1
Conut - Tyre,Person_0689,2025-11-26 17:03:,2025-11-26 17:03:,5194980.0,1
Conut - Tyre,Person_0690,2025-11-26 20:35:,2025-11-26 20:35:,1522920.0,1
Conut - Tyre,Person_0691,2025-11-25 22:38:,2025-11-25 22:38:,1389150.0,1
Conut - Tyre,Person_0692,2025-11-25 21:31:,2025-11-25 21:31:,4399710.0,1
Conut - Tyre,Person_0693,2025-11-24 22:33:,2025-11-24 23:19:,0.0,2
Conut - Tyre,Person_0694,2025-11-24 21:59:,2025-11-24 21:59:,1653750.0,1
Conut - Tyre,Person_0695,2025-11-20 12:42:,2025-11-20 12:42:,3109049.9,1
Conut - Tyre,Person_0696,2025-11-19 16:58:,2025-11-19 16:58:,2116800.0,1
Conut - Tyre,Person_0697,2025-11-17 19:31:,2025-11-17 19:31:,2116800.0,1
Conut - Tyre,Person_0698,2025-11-17 20:30:,2025-11-17 20:30:,2513700.0,1
Conut - Tyre,Person_0699,2025-11-13 15:10:,2025-11-13 15:10:,2447549.9,1
Conut - Tyre,Person_0700,2025-11-11 16:13:,2025-11-11 16:13:,2249099.9,1
Conut - Tyre,Person_0701,2025-11-10 23:41:,2025-11-10 23:41:,1389150.0,1
Conut - Tyre,Person_0702,2025-11-09 16:38:,2025-11-09 16:38:,3042900.0,1
Conut - Tyre,Person_0703,2025-11-09 19:49:,2025-11-09 19:49:,1390620.01,1
Conut - Tyre,Person_0704,2025-11-07 23:34:,2025-11-07 23:34:,2381400.0,1
Conut - Tyre,Person_0705,2025-11-02 18:50:,2025-11-02 18:50:,2547510.0,1
Conut - Tyre,Person_0706,2025-10-31 19:21:,2025-10-31 19:21:,2315250.0,1
Conut - Tyre,Person_0707,2025-10-30 21:57:,2025-10-30 21:57:,1587600.0,1
Conut - Tyre,Person_0708,2025-10-29 13:22:,2025-10-29 13:22:,3373649.9,1
Conut - Tyre,Person_0709,2025-10-29 13:10:,2025-10-29 13:10:,2282910.0,1
Conut - Tyre,Person_0710,2025-10-29 13:12:,2025-10-29 13:12:,2249100.0,1
Conut - Tyre,Person_0711,2025-10-29 20:24:,2025-10-29 20:24:,1587600.0,1
Conut - Tyre,Person_0712,2025-10-29 13:06:,2025-10-29 13:06:,1852199.9,1
Conut - Tyre,Person_0713,2025-10-26 18:40:,2025-10-26 18:40:,3836700.0,1
Conut - Tyre,Person_0714,2025-10-26 21:28:,2025-10-26 21:28:,4035149.9,1
Conut - Tyre,Person_0715,2025-10-24 19:29:,2025-10-24 19:29:,3307499.9,1
Conut - Tyre,Person_0716,2025-10-23 17:27:,2025-10-23 17:27:,1918349.9,1
Conut - Tyre,Person_0717,2025-10-23 22:13:,2025-10-23 22:13:,2910600.0,1
Conut - Tyre,Person_0718,2025-10-22 12:42:,2025-10-22 12:42:,3275160.0,1
Conut - Tyre,Person_0719,2025-10-19 23:21:,2025-10-19 23:21:,1852199.9,1
Conut - Tyre,Person_0720,2025-10-19 17:30:,2025-10-19 17:30:,4564350.0,1
Conut - Tyre,Person_0721,2025-10-19 21:02:,2025-10-19 21:02:,1984500.0,1
Conut - Tyre,Person_0722,2025-10-16 23:12:,2025-10-16 23:12:,859949.99,1
Conut - Tyre,Person_0723,2025-10-15 22:33:,2025-10-15 22:33:,1653750.0,1
Conut - Tyre,Person_0724,2025-10-14 21:46:,2025-10-14 21:46:,1124550.0,1
Conut - Tyre,Person_0725,2025-10-14 19:48:,2025-10-14 19:48:,4498200.0,1
Conut - Tyre,Person_0726,2025-10-13 23:03:,2025-10-13 23:03:,4630500.0,1
Conut - Tyre,Person_0727,2025-10-11 13:20:,2025-10-11 13:20:,2712150.0,1
Conut - Tyre,Person_0728,2025-10-10 18:35:,2025-10-10 18:35:,3969000.0,1
Conut - Tyre,Person_0729,2025-10-10 22:20:,2025-10-10 22:20:,2316720.0,1
Conut - Tyre,Person_0730,2025-10-10 18:22:,2025-10-10 18:22:,2116800.0,1
Conut - Tyre,Person_0731,2025-10-10 22:24:,2025-10-10 23:39:,0.0,2
Conut - Tyre,Person_0732,2025-10-09 23:05:,2025-10-09 23:05:,1786050.0,1
Conut - Tyre,Person_0733,2025-10-08 21:27:,2025-10-08 21:27:,2613660.0,1
Conut - Tyre,Person_0734,2025-10-08 17:17:,2025-10-08 17:17:,2019780.0,1
Conut - Tyre,Person_0735,2025-10-06 22:42:,2025-10-06 22:42:,1984499.9,1
Conut - Tyre,Person_0736,2025-10-06 22:18:,2025-10-06 22:18:,2315250.0,1
Conut - Tyre,Person_0737,2025-10-05 17:35:,2025-10-05 17:35:,3109049.9,1
Conut - Tyre,Person_0738,2025-10-04 20:09:,2025-10-04 20:09:,2712150.0,1
Conut - Tyre,Person_0739,2025-10-04 20:56:,2025-10-04 20:56:,3307499.9,1
Conut - Tyre,Person_0740,2025-10-04 21:26:,2025-10-04 21:26:,1819860.0,1
Conut - Tyre,Person_0741,2025-10-04 17:39:,2025-10-04 17:39:,5493390.0,1
Conut - Tyre,Person_0742,2025-10-03 23:29:,2025-10-03 23:29:,1224510.0,1
Conut - Tyre,Person_0743,2025-10-03 22:45:,2025-10-03 22:45:,4630500.0,1
Conut - Tyre,Person_0744,2025-10-01 21:33:,2025-10-01 21:33:,959910.0,1
Conut - Tyre,Person_0745,2025-09-28 21:18:,2025-09-28 21:18:,1653750.0,1
Conut - Tyre,Person_0746,2025-09-23 15:43:,2025-09-23 15:43:,3936660.0,1
Conut - Tyre,Person_0747,2025-09-22 22:10:,2025-09-22 22:10:,4828950.0,1
Conut - Tyre,Person_0748,2025-09-21 23:52:,2025-09-21 23:52:,4564349.9,1
Conut - Tyre,Person_0749,2025-09-21 21:32:,2025-09-21 21:32:,2579850.0,1
Conut - Tyre,Person_0750,2025-09-21 23:48:,2025-09-21 23:53:,0.0,2
Conut,Person_0751,2025-11-30 22:17:,2025-11-30 22:17:,1653750.0,1
Conut,Person_0752,2025-11-30 22:43:,2025-11-30 22:43:,2579850.0,1
Conut,Person_0753,2025-11-30 17:54:,2025-11-30 17:54:,2018310.0,1
Conut,Person_0754,2025-12-01 18:25:,2025-12-01 18:37:,0.0,2
Conut,Person_0755,2025-11-30 20:38:,2025-11-30 20:38:,2381400.0,1
Conut,Person_0756,2025-11-30 22:40:,2025-11-30 22:40:,1124550.0,1
Conut,Person_0757,2025-11-29 22:22:,2025-11-29 22:22:,3307499.9,1
Conut,Person_0758,2025-11-29 21:19:,2025-11-29 21:19:,3042900.0,1
Conut,Person_0759,2025-11-29 20:03:,2025-11-29 20:03:,2315250.0,1
Conut,Person_0760,2025-11-28 19:02:,2025-11-28 19:02:,2315250.0,1
Conut,Person_0761,2025-11-28 18:54:,2025-11-28 18:54:,4465860.0,1
Conut,Person_0762,2025-11-26 14:30:,2025-11-26 14:30:,2282910.0,1
Conut,Person_0763,2025-11-25 21:25:,2025-11-25 21:25:,4399710.0,1
Conut,Person_0764,2025-11-25 15:58:,2025-11-25 15:58:,3969000.0,1
Conut,Person_0765,2025-11-22 19:41:,2025-11-22 19:41:,1653750.0,1
Conut,Person_0766,2025-11-22 13:08:,2025-11-24 15:28:,2910600.0,2
Conut,Person_0767,2025-11-21 22:15:,2025-11-21 22:15:,2712150.0,1
Conut,Person_0768,2025-11-20 21:54:,2025-11-20 21:54:,2978220.0,1
Conut,Person_0769,2025-11-19 22:33:,2025-11-19 22:38:,12173069.9,2
Conut,Person_0770,2025-11-19 11:58:,2025-11-19 11:58:,2282910.0,1
Conut,Person_0771,2025-11-18 21:44:,2025-11-18 21:44:,2447550.0,1
Conut,Person_0772,2025-11-18 14:02:,2025-11-18 14:02:,1587600.0,1
Conut,Person_0773,2025-11-17 21:42:,2025-11-17 21:42:,1323000.0,1
Conut,Person_0774,2025-11-17 15:24:,2025-11-17 15:24:,6019650.0,1
Conut,Person_0775,2025-11-16 21:24:,2025-11-16 21:24:,1953630.0,1
Conut,Person_0776,2025-11-15 22:44:,2025-11-15 22:44:,1555260.0,1
Conut,Person_0777,2025-11-15 15:47:,2025-11-15 15:47:,3241349.9,1
Conut,Person_0778,2025-11-14 22:08:,2025-11-14 22:08:,1719900.0,1
Conut,Person_0779,2025-11-13 22:53:,2025-11-13 22:53:,2976750.0,1
Conut,Person_0780,2025-11-13 20:07:,2025-11-13 20:07:,3307499.9,1
Conut,Person_0781,2025-11-12 21:53:,2025-11-12 21:53:,2712149.9,1
Conut,Person_0782,2025-11-12 20:15:,2025-11-12 20:15:,3042900.0,1
Conut,Person_0783,2025-11-12 20:32:,2025-11-12 20:32:,1653750.0,1
Conut,Person_0784,2025-11-12 20:43:,2025-11-12 20:43:,2712150.0,1
Conut,Person_0785,2025-11-12 21:56:,2025-11-12 21:56:,2878260.0,1
Conut,Person_0786,2025-11-11 22:04:,2025-11-11 22:04:,2976750.0,1
Conut,Person_0787,2025-11-11 16:00:,2025-11-11 16:00:,2447550.0,1
Conut,Person_0788,2025-11-11 20:42:,2025-11-11 20:42:,1653750.0,1
Conut,Person_0789,2025-11-10 23:00:,2025-11-10 23:00:,2085930.0,1
Conut,Person_0790,2025-11-10 23:19:,2025-11-10 23:19:,1719900.0,1
Conut,Person_0791,2025-11-10 19:56:,2025-11-10 19:56:,2845920.0,1
Conut,Person_0792,2025-11-09 18:51:,2025-11-09 18:52:,0.0,2
Conut,Person_0793,2025-11-09 18:31:,2025-11-09 18:31:,1952159.9,1
Conut,Person_0794,2025-11-09 12:11:,2025-11-22 12:28:,2249100.0,2
Conut,Person_0795,2025-11-08 20:04:,2025-11-08 20:09:,4696649.9,3
Conut,Person_0796,2025-11-08 22:01:,2025-11-08 22:01:,3804360.0,1
Conut,Person_0797,2025-11-07 22:29:,2025-11-07 22:29:,2282910.0,1
Conut,Person_0798,2025-11-07 18:56:,2025-11-07 18:56:,3109049.9,1
Conut,Person_0799,2025-11-06 13:35:,2025-11-06 13:35:,1653750.0,1
Conut,Person_0800,2025-11-06 18:26:,2025-11-06 18:26:,3439800.0,1
Conut,Person_0801,2025-11-04 18:11:,2025-11-04 18:11:,2249099.9,1
Conut,Person_0802,2025-11-04 20:36:,2025-11-04 20:36:,2415210.0,1
Conut,Person_0803,2025-11-04 21:20:,2025-11-04 21:20:,2679810.0,1
Conut,Person_0804,2025-11-04 19:28:,2025-11-04 19:28:,3572099.9,1
Conut,Person_0805,2025-11-03 13:31:,2025-11-03 13:31:,2249100.0,1
Conut,Person_0806,2025-11-01 20:00:,2025-11-29 20:55:,4036620.0,2
Conut,Person_0807,2025-11-01 13:54:,2025-11-01 13:54:,1587600.0,1
Conut,Person_0808,2025-11-01 23:11:,2025-11-01 23:11:,1256850.0,1
Conut,Person_0809,2025-11-01 22:31:,2025-11-01 22:31:,1852199.9,1
Conut,Person_0810,2025-10-30 23:06:,2025-10-30 23:06:,1256850.0,1
Conut,Person_0811,2025-10-30 21:59:,2025-10-30 21:59:,1256850.0,1
Conut,Person_0812,2025-10-29 22:25:,2025-10-29 22:25:,2579850.0,1
Conut,Person_0813,2025-10-29 12:21:,2025-10-29 12:21:,2249099.9,1
Conut,Person_0814,2025-10-29 22:35:,2025-10-29 22:35:,1719900.0,1
Conut,Person_0815,2025-10-28 20:43:,2025-10-28 20:43:,2182949.9,1
Conut,Person_0816,2025-10-28 18:07:,2025-10-28 18:07:,1653750.0,1
Conut,Person_0817,2025-10-26 23:15:,2025-10-26 23:15:,2778300.0,1
Conut,Person_0818,2025-10-26 16:56:,2025-10-26 16:56:,3439799.9,1
Conut,Person_0819,2025-10-26 13:09:,2025-10-26 13:09:,3307499.9,1
Conut,Person_0820,2025-10-24 19:49:,2025-10-24 19:49:,1852199.9,1
Conut,Person_0821,2025-10-24 20:44:,2025-11-21 19:25:,5358150.0,3
Conut,Person_0822,2025-10-24 15:28:,2025-10-24 15:28:,2679810.0,1
Conut,Person_0823,2025-10-24 20:35:,2025-10-24 20:35:,2579850.0,1
Conut,Person_0824,2025-10-20 13:23:,2025-10-20 13:23:,2381400.0,1
Conut,Person_0825,2025-10-20 16:59:,2025-10-20 16:59:,3638250.0,1
Conut,Person_0826,2025-10-19 22:42:,2025-10-19 22:42:,2116800.0,1
Conut,Person_0827,2025-10-19 17:14:,2025-10-19 17:14:,1653750.0,1
Conut,Person_0828,2025-10-18 13:33:,2025-10-18 13:33:,1984499.9,1
Conut,Person_0829,2025-10-17 23:28:,2025-11-11 23:03:,4828950.0,2
Conut,Person_0830,2025-10-16 16:07:,2025-10-16 16:07:,1719900.0,1
Conut,Person_0831,2025-10-16 21:20:,2025-10-16 21:20:,1653750.0,1
Conut,Person_0832,2025-10-15 14:25:,2025-10-15 14:25:,1290660.0,1
Conut,Person_0833,2025-10-15 23:00:,2025-10-15 23:00:,2581320.0,1
Conut,Person_0834,2025-10-15 23:10:,2025-10-15 23:10:,3341310.0,1
Conut,Person_0835,2025-10-15 20:10:,2025-10-15 20:10:,4432049.9,1
Conut,Person_0836,2025-10-13 19:16:,2025-10-13 19:16:,1786050.0,1
Conut,Person_0837,2025-10-12 19:22:,2025-10-12 19:24:,0.0,2
Conut,Person_0838,2025-10-11 21:55:,2025-10-11 21:55:,7011899.9,1
Conut,Person_0839,2025-10-11 23:09:,2025-11-21 23:10:,7805700.0,4
Conut,Person_0840,2025-10-11 20:58:,2025-10-11 21:03:,0.0,2
Conut,Person_0841,2025-10-11 19:45:,2025-10-11 19:45:,4630499.9,1
Conut,Person_0842,2025-10-10 13:26:,2025-10-10 13:26:,1489110.0,1
Conut,Person_0843,2025-10-10 17:23:,2025-10-10 17:23:,4068960.0,1
Conut,Person_0844,2025-10-09 23:19:,2025-10-09 23:19:,2382870.0,1
Conut,Person_0845,2025-10-07 18:20:,2025-10-07 18:20:,2316720.0,1
Conut,Person_0846,2025-10-07 18:30:,2025-10-28 19:03:,8202600.0,4
Conut,Person_0847,2025-10-07 18:36:,2025-10-07 18:36:,3042900.0,1
Conut,Person_0848,2025-10-07 19:23:,2025-11-10 21:46:,6151949.9,2
Conut,Person_0849,2025-10-05 19:40:,2025-10-05 23:36:,0.0,2
Conut,Person_0850,2025-10-04 18:44:,2025-11-01 21:06:,4708409.9,2
Conut,Person_0851,2025-10-04 19:07:,2025-10-04 19:07:,1918349.9,1
Conut,Person_0852,2025-10-03 15:28:,2025-10-03 15:28:,3241349.9,1
Conut,Person_0853,2025-10-03 17:23:,2025-10-03 17:23:,2910600.0,1
Conut,Person_0854,2025-10-03 22:25:,2025-10-03 22:25:,1587600.0,1
Conut,Person_0855,2025-10-02 20:57:,2025-10-03 23:35:,3836699.9,6
Conut,Person_0856,2025-10-02 22:37:,2025-10-02 22:37:,1653750.0,1
Conut,Person_0857,2025-10-01 18:01:,2025-10-05 22:33:,4035150.0,3
Conut,Person_0858,2025-09-29 20:49:,2025-09-29 20:49:,926100.0,1
Conut,Person_0859,2025-09-29 20:26:,2025-10-02 20:23:,3770549.9,2
Conut,Person_0860,2025-09-29 19:03:,2025-09-29 19:03:,1587600.0,1
Conut,Person_0861,2025-09-28 21:04:,2025-09-28 21:04:,3042900.0,1
Conut,Person_0862,2025-09-27 15:52:,2025-09-27 15:52:,859949.99,1
Conut,Person_0863,2025-09-25 18:26:,2025-09-25 18:27:,0.0,2
Conut,Person_0864,2025-09-25 18:59:,2025-09-25 19:06:,5159700.0,3
Conut,Person_0865,2025-09-22 20:58:,2025-09-22 20:58:,2812110.0,1
Conut,Person_0866,2025-09-22 20:31:,2025-09-22 20:31:,2116800.0,1
Conut,Person_0867,2025-09-22 18:56:,2025-11-17 16:59:,4762799.9,2
Conut,Person_0868,2025-09-21 19:33:,2025-09-21 19:33:,1786050.0,1
Conut,Person_0869,2025-09-21 21:14:,2025-09-21 21:15:,0.0,2
Conut,Person_0870,2025-09-20 13:21:,2025-09-21 12:07:,3572099.9,2
Conut,Person_0871,2025-09-20 22:44:,2025-09-20 22:44:,1852199.9,1
Conut,Person_0872,2025-09-20 22:28:,2025-09-20 22:28:,2910600.0,1
Conut,Person_0873,2025-09-19 23:29:,2025-09-19 23:29:,3342780.0,1
Conut,Person_0874,2025-09-19 21:03:,2025-09-19 21:06:,2910600.0,3
Conut,Person_0875,2025-09-19 14:48:,2025-09-19 14:48:,5953500.0,1
Conut,Person_0876,2025-09-19 23:34:,2025-09-19 23:34:,4630499.9,1
Conut,Person_0877,2025-09-18 21:39:,2025-09-18 21:44:,2381399.9,3
Conut,Person_0878,2025-09-17 19:39:,2025-10-09 19:41:,7774829.9,3
Conut,Person_0879,2025-09-17 18:23:,2025-09-17 18:23:,3836699.9,1
Conut,Person_0880,2025-09-16 20:25:,2025-09-16 20:44:,1653750.0,3
Conut,Person_0881,2025-09-15 19:51:,2025-09-15 19:51:,2646000.0,1
Conut,Person_0882,2025-09-14 20:52:,2025-09-14 20:52:,1653750.0,1
Conut,Person_0883,2025-09-14 17:22:,2025-09-29 16:56:,5490450.0,3
Conut,Person_0884,2025-09-14 17:55:,2025-09-14 17:55:,5556600.0,1
Conut,Person_0885,2025-09-13 20:28:,2025-09-13 20:28:,2381400.0,1
Conut,Person_0886,2025-09-13 16:55:,2025-09-13 16:55:,1653750.0,1
Conut,Person_0887,2025-09-12 16:26:,2025-09-12 16:26:,1653750.0,1
Conut,Person_0888,2025-09-12 22:26:,2025-09-12 22:26:,1653750.0,1
Conut,Person_0889,2025-09-12 20:25:,2025-09-12 20:25:,1719900.0,1
Conut,Person_0890,2025-09-11 19:25:,2025-09-11 19:25:,1256850.0,1
Conut,Person_0891,2025-09-11 22:40:,2025-09-11 22:40:,2116799.9,1
Conut,Person_0892,2025-09-10 21:19:,2025-09-10 21:19:,2679810.0,1
Conut,Person_0893,2025-09-10 13:43:,2025-09-10 13:43:,1719900.0,1
Conut,Person_0894,2025-09-10 15:28:,2025-09-10 15:28:,1653750.0,1
Conut,Person_0895,2025-09-10 14:38:,2025-09-10 14:38:,1290660.0,1
Conut,Person_0896,2025-09-09 22:14:,2025-09-09 22:14:,1653750.0,1
Conut,Person_0897,2025-09-08 22:22:,2025-09-08 22:27:,5358149.9,3
Conut,Person_0898,2025-09-08 17:31:,2025-09-08 17:31:,3042900.0,1
Conut,Person_0899,2025-09-07 17:59:,2025-09-07 17:59:,2116800.0,1
Conut,Person_0900,2025-09-07 16:48:,2025-09-07 16:48:,2282910.0,1
Conut,Person_0901,2025-09-06 12:48:,2025-09-06 12:48:,3572099.9,1
Conut,Person_0902,2025-09-08 21:11:,2025-09-08 23:44:,0.0,2
Conut,Person_0903,2025-11-25 20:56:,2025-11-25 20:58:,0.0,2
Conut,Person_0904,2025-09-05 14:08:,2025-09-05 14:08:,4233600.0,1
Conut,Person_0905,2025-09-05 17:20:,2025-09-05 17:20:,926100.0,1
Conut,Person_0906,2025-09-04 22:39:,2025-09-04 22:39:,1653750.0,1
Conut,Person_0907,2025-09-04 20:24:,2025-09-04 20:24:,4598160.0,1
Conut,Person_0908,2025-09-03 21:27:,2025-09-03 21:27:,1653750.0,1
Conut,Person_0909,2025-09-03 18:46:,2025-09-03 18:46:,1819859.9,1
Conut,Person_0910,2025-09-03 17:57:,2025-09-03 17:57:,2415209.9,1
Conut,Person_0911,2025-09-03 12:48:,2025-09-03 12:48:,2282910.0,1
Conut,Person_0912,2025-09-02 17:05:,2025-09-02 17:05:,3572099.9,1
Conut,Person_0913,2025-09-01 18:41:,2025-09-01 18:41:,2282910.0,1
Conut,Person_0914,2025-09-01 17:55:,2025-09-01 17:55:,3836699.9,1
Conut,Person_0915,2025-08-31 21:07:,2025-08-31 21:07:,2182949.9,1
Conut,Person_0916,2025-08-31 20:52:,2025-08-31 20:52:,4365900.0,1
Conut,Person_0917,2025-08-30 19:40:,2025-08-30 19:40:,1719900.0,1
Conut,Person_0918,2025-08-30 20:43:,2025-11-29 21:33:,9824009.9,3
Conut,Person_0919,2025-08-30 19:19:,2025-08-30 19:19:,1555260.0,1
Conut,Person_0920,2025-08-30 21:21:,2025-09-08 23:46:,3307499.9,4
Conut,Person_0921,2025-08-29 20:16:,2025-08-29 20:16:,1653750.0,1
Conut,Person_0922,2025-08-29 22:45:,2025-08-29 22:45:,1786050.0,1
Conut,Person_0923,2025-08-29 22:11:,2025-08-29 22:11:,3373649.9,1
Conut,Person_0924,2025-08-29 20:41:,2025-08-29 20:41:,3010560.0,1
Conut,Person_0925,2025-08-28 22:20:,2025-08-28 23:27:,0.0,2
Conut,Person_0926,2025-08-28 21:30:,2025-09-08 22:45:,3505949.9,2
Conut,Person_0927,2025-08-27 20:31:,2025-08-27 20:31:,1422960.0,1
Conut,Person_0928,2025-08-27 19:07:,2025-08-27 19:07:,3042900.0,1
Conut,Person_0929,2025-08-26 22:34:,2025-08-26 22:34:,1653750.0,1
Conut,Person_0930,2025-08-26 17:56:,2025-09-04 15:52:,4233600.0,2
Conut,Person_0931,2025-08-25 22:38:,2025-08-25 22:38:,1653750.0,1
Conut,Person_0932,2025-08-25 22:56:,2025-08-25 22:57:,0.0,2
Conut,Person_0933,2025-08-25 20:26:,2025-08-25 20:26:,1521450.0,1
Conut,Person_0934,2025-08-25 22:43:,2025-08-25 22:43:,3439800.0,1
Conut,Person_0935,2025-08-25 21:22:,2025-08-25 21:22:,2447550.0,1
Conut,Person_0421,2025-08-25 14:21:,2025-10-28 16:39:,5424300.0,3
Conut,Person_0936,2025-08-25 12:52:,2025-09-26 15:23:,3505949.9,4
Conut,Person_0937,2025-08-22 23:09:,2025-08-22 23:13:,2713620.0,3
Conut,Person_0938,2025-08-21 14:10:,2025-08-21 14:10:,3836699.9,1
Conut,Person_0939,2025-08-21 20:07:,2025-08-21 20:07:,1256850.0,1
Conut,Person_0940,2025-08-20 23:31:,2025-08-20 23:31:,1256850.0,1
Conut Jnah,Person_0941,2025-12-30 20:52:,2025-12-30 20:52:,5193510.0,1
Conut Jnah,Person_0942,2025-12-29 19:30:,2025-12-29 19:30:,3373649.9,1
Conut Jnah,Person_0943,2025-12-29 20:28:,2025-12-29 20:28:,3342780.0,1
Conut Jnah,Person_0944,2025-12-28 20:37:,2025-12-28 20:37:,3969000.0,1
Conut Jnah,Person_0945,2025-12-27 18:02:,2025-12-27 18:02:,4499670.0,1
Conut Jnah,Person_0946,2025-12-27 19:47:,2025-12-27 19:47:,1653750.0,1
Conut Jnah,Person_0947,2025-12-27 20:49:,2025-12-27 20:49:,2646000.0,1
Conut Jnah,Person_0948,2025-12-27 21:02:,2025-12-27 21:02:,3241350.0,1
Conut Jnah,Person_0949,2025-12-27 20:26:,2025-12-27 20:26:,1653750.0,1
Conut Jnah,Person_0950,2025-12-27 17:25:,2025-12-27 17:25:,3307499.9,1
Conut Jnah,Person_0951,2025-12-26 17:19:,2025-12-26 17:19:,2979690.0,1
Conut Jnah,Person_0952,2025-12-26 16:01:,2025-12-26 16:01:,1719900.0,1
Conut Jnah,Person_0953,2025-12-26 20:01:,2025-12-26 20:01:,2216760.0,1
Conut Jnah,Person_0954,2025-12-25 19:15:,2025-12-25 19:15:,1323000.0,1
Conut Jnah,Person_0955,2025-12-25 23:32:,2025-12-25 23:32:,1653750.0,1
Conut Jnah,Person_0956,2025-12-25 18:44:,2025-12-25 18:44:,2116800.0,1
Conut Jnah,Person_0957,2025-12-25 15:59:,2025-12-25 15:59:,3042900.0,1
Conut Jnah,Person_0958,2025-12-25 14:56:,2025-12-25 14:56:,1587600.0,1
Conut Jnah,Person_0959,2025-12-25 21:17:,2025-12-25 21:17:,4564349.9,1
Conut Jnah,Person_0960,2025-12-25 20:48:,2025-12-25 20:48:,2745960.0,1
Conut Jnah,Person_0961,2025-12-24 20:18:,2025-12-24 20:18:,2978220.0,1
Conut Jnah,Person_0955,2025-12-24 23:41:,2025-12-24 23:41:,2910599.9,1
Conut Jnah,Person_0962,2025-12-24 21:39:,2025-12-24 21:39:,2216760.0,1
Conut Jnah,Person_0963,2025-12-24 13:39:,2025-12-24 13:39:,1918349.9,1
Conut Jnah,Person_0964,2025-12-23 22:11:,2025-12-23 22:11:,3605910.0,1
Conut Jnah,Person_0965,2025-12-23 21:35:,2025-12-23 21:35:,1786050.0,1
Conut Jnah,Person_0966,2025-12-23 22:37:,2025-12-23 22:37:,2712150.0,1
Conut Jnah,Person_0967,2025-12-23 22:07:,2025-12-23 22:07:,2712150.0,1
Conut Jnah,Person_0968,2025-12-23 23:29:,2025-12-23 23:29:,3638249.9,1
Conut Jnah,Person_0969,2025-12-22 21:09:,2025-12-22 21:09:,2116800.0,1
Conut Jnah,Person_0970,2025-12-22 20:51:,2025-12-22 20:51:,2282910.0,1
Conut Jnah,Person_0971,2025-12-22 20:45:,2025-12-22 20:45:,1653750.0,1
Conut Jnah,Person_0972,2025-12-23 14:33:,2025-12-23 16:34:,1985970.0,3
Conut Jnah,Person_0973,2025-12-22 21:06:,2025-12-22 21:06:,3175199.9,1
Conut Jnah,Person_0974,2025-12-21 23:51:,2025-12-21 23:51:,1256850.0,1
Conut Jnah,Person_0975,2025-12-21 18:09:,2025-12-21 18:09:,2249099.9,1
Conut Jnah,Person_0976,2025-12-21 15:39:,2025-12-21 15:39:,1256850.0,1
Conut Jnah,Person_0977,2025-12-21 20:23:,2025-12-21 20:23:,2910600.0,1
Conut Jnah,Person_0978,2025-12-21 22:33:,2025-12-29 21:19:,8170260.0,2
Conut Jnah,Person_0979,2025-12-21 17:47:,2025-12-21 17:47:,2844450.0,1
Conut Jnah,Person_0980,2025-12-20 21:54:,2025-12-20 21:54:,2381400.0,1
Conut Jnah,Person_0981,2025-12-20 20:28:,2025-12-20 20:28:,1587600.0,1
Conut Jnah,Person_0982,2025-12-20 21:33:,2025-12-20 21:33:,19977300.0,1
Conut Jnah,Person_0983,2025-12-20 22:50:,2025-12-20 22:50:,3042900.0,1
Conut Jnah,Person_0984,2025-12-20 22:36:,2025-12-20 22:36:,3241349.9,1
Conut Jnah,Person_0985,2025-12-19 22:04:,2025-12-19 22:04:,1653750.0,1
Conut Jnah,Person_0986,2025-12-19 14:11:,2025-12-19 14:11:,1719900.0,1
Conut Jnah,Person_0987,2025-12-19 20:55:,2025-12-19 20:55:,3638249.9,1
Conut Jnah,Person_0988,2025-12-19 18:42:,2025-12-19 18:42:,6419490.0,1
Conut Jnah,Person_0989,2025-12-19 21:09:,2025-12-19 21:09:,1256850.0,1
Conut Jnah,Person_0990,2025-12-18 23:37:,2025-12-18 23:37:,2349060.0,1
Conut Jnah,Person_0991,2025-12-17 16:34:,2025-12-17 16:34:,4035150.0,1
Conut Jnah,Person_0992,2025-12-17 17:18:,2025-12-17 17:18:,3211950.0,1
Conut Jnah,Person_0766,2025-12-17 15:50:,2025-12-17 15:50:,1256850.0,1
Conut Jnah,Person_0993,2025-12-16 21:24:,2025-12-16 21:24:,2150609.9,1
Conut Jnah,Person_0994,2025-12-16 19:13:,2025-12-16 19:13:,2579850.0,1
Conut Jnah,Person_0995,2025-12-16 19:36:,2025-12-16 19:36:,3109049.9,1
Conut Jnah,Person_0765,2025-12-16 20:58:,2025-12-16 20:58:,1653750.0,1
Conut Jnah,Person_0996,2025-12-16 22:45:,2025-12-16 22:45:,1653750.0,1
Conut Jnah,Person_0997,2025-12-16 21:30:,2025-12-16 21:32:,1256850.0,3
Conut Jnah,Person_0998,2025-12-16 19:24:,2025-12-16 19:24:,2182949.9,1
Conut Jnah,Person_0999,2025-12-16 14:03:,2025-12-16 14:03:,1653750.0,1
Conut Jnah,Person_1000,2025-12-15 18:04:,2025-12-15 18:04:,1719900.0,1
Conut Jnah,Person_1001,2025-12-15 21:15:,2025-12-15 21:15:,2116800.0,1
Conut Jnah,Person_1002,2025-12-14 21:20:,2025-12-14 21:20:,1984500.0,1
Conut Jnah,Person_1003,2025-12-14 20:12:,2025-12-14 20:12:,3109050.0,1
Conut Jnah,Person_1004,2025-12-14 15:42:,2025-12-14 15:42:,3308970.0,1
Conut Jnah,Person_1005,2025-12-14 18:44:,2025-12-14 18:46:,0.0,2
Conut Jnah,Person_1006,2025-12-14 18:37:,2025-12-14 18:37:,2844450.0,1
Conut Jnah,Person_1007,2025-12-14 18:30:,2025-12-14 18:30:,2150609.9,1
Conut Jnah,Person_1008,2025-12-14 13:18:,2025-12-14 13:18:,1653750.0,1
Conut Jnah,Person_1009,2025-12-14 23:33:,2025-12-14 23:33:,5225850.0,1
Conut Jnah,Person_1010,2025-12-13 17:41:,2025-12-13 17:41:,3307499.9,1
Conut Jnah,Person_1011,2025-12-13 21:48:,2025-12-13 21:48:,2712150.0,1
Conut Jnah,Person_1012,2025-12-13 18:24:,2025-12-13 18:24:,2976750.0,1
Conut Jnah,Person_1013,2025-12-13 20:53:,2025-12-13 20:53:,2315250.0,1
Conut Jnah,Person_1014,2025-12-12 18:17:,2025-12-12 18:17:,3109049.9,1
Conut Jnah,Person_1015,2025-12-12 22:32:,2025-12-12 22:32:,5291999.9,1
Conut Jnah,Person_1016,2025-12-12 20:57:,2025-12-12 20:57:,2712150.0,1
Conut Jnah,Person_1017,2025-12-12 18:55:,2025-12-12 18:55:,1653750.0,1
Conut Jnah,Person_1018,2025-12-12 17:47:,2025-12-12 17:47:,3109049.9,1
Conut Jnah,Person_1019,2025-12-12 16:39:,2025-12-12 16:39:,2679810.0,1
Conut Jnah,Person_1020,2025-12-11 22:20:,2025-12-24 19:18:,7939469.9,2
Conut Jnah,Person_1021,2025-12-11 18:28:,2025-12-11 18:28:,2745960.0,1
Conut Jnah,Person_1022,2025-12-11 23:45:,2025-12-11 23:45:,1852199.9,1
Conut Jnah,Person_1023,2025-12-11 18:35:,2025-12-11 18:35:,3439800.0,1
Conut Jnah,Person_1024,2025-12-10 20:56:,2025-12-10 20:56:,4299749.9,1
Conut Jnah,Person_1025,2025-12-10 22:08:,2025-12-10 22:08:,1653750.0,1
Conut Jnah,Person_1026,2025-12-10 15:11:,2025-12-10 15:11:,2381400.0,1
Conut Jnah,Person_1027,2025-12-10 19:20:,2025-12-10 19:20:,7641059.9,1
Conut Jnah,Person_1028,2025-12-10 22:19:,2025-12-10 22:19:,2315250.0,1
Conut Jnah,Person_1029,2025-12-10 22:13:,2025-12-10 22:13:,6450360.0,1
Conut Jnah,Person_1030,2025-12-10 21:21:,2025-12-10 21:21:,3770550.0,1
Conut Jnah,Person_1031,2025-12-09 19:52:,2025-12-10 21:06:,6019649.9,5
Conut Jnah,Person_1032,2025-12-09 13:13:,2025-12-09 13:13:,2249099.9,1
Conut Jnah,Person_1033,2025-12-09 23:27:,2025-12-09 23:27:,1653750.0,1
Conut Jnah,Person_1034,2025-12-09 20:46:,2025-12-09 20:51:,1124550.0,3
Conut Jnah,Person_1035,2025-12-09 17:19:,2025-12-09 17:19:,1455299.99,1
Conut Jnah,Person_1036,2025-12-09 22:55:,2025-12-09 22:55:,2249100.0,1
Conut Jnah,Person_1037,2025-12-09 17:10:,2025-12-09 17:10:,3209010.0,1
Conut Jnah,Person_1038,2025-12-09 20:13:,2025-12-09 20:13:,1653750.0,1
Conut Jnah,Person_1039,2025-12-09 18:13:,2025-12-12 22:22:,2084460.0,2
Conut Jnah,Person_1040,2025-12-08 20:35:,2025-12-08 20:35:,1653750.0,1
Conut Jnah,Person_1041,2025-12-08 21:11:,2025-12-08 21:11:,2745960.0,1
Conut Jnah,Person_0821,2025-12-08 19:00:,2025-12-08 19:00:,3904320.0,1
Conut Jnah,Person_1042,2025-12-08 18:00:,2025-12-21 23:21:,3307500.0,2
Conut Jnah,Person_1043,2025-12-08 21:51:,2025-12-08 21:51:,2349060.0,1
Conut Jnah,Person_1044,2025-12-07 22:31:,2025-12-07 22:31:,1852199.9,1
Conut Jnah,Person_1045,2025-12-07 19:01:,2025-12-07 19:01:,2249100.0,1
Conut Jnah,Person_1046,2025-12-06 19:24:,2025-12-06 19:24:,3770549.9,1
Conut Jnah,Person_1047,2025-12-06 18:51:,2025-12-06 18:51:,2116800.0,1
Conut Jnah,Person_1048,2025-12-06 17:44:,2025-12-06 17:44:,2712150.0,1
Conut Jnah,Person_1049,2025-12-06 12:33:,2025-12-06 12:47:,4167450.0,3
Conut Jnah,Person_1050,2025-12-06 21:43:,2025-12-06 21:43:,2778300.0,1
Conut Jnah,Person_0839,2025-12-05 20:04:,2025-12-06 00:26:,0.0,2
Conut Jnah,Person_1051,2025-12-05 19:30:,2025-12-05 19:30:,1719900.0,1
Conut Jnah,Person_1052,2025-12-05 22:44:,2025-12-05 22:44:,3705870.0,1
Conut Jnah,Person_1053,2025-12-05 19:28:,2025-12-05 19:28:,3109049.9,1
Conut Jnah,Person_1054,2025-12-05 23:03:,2025-12-05 23:03:,2384340.0,1
Conut Jnah,Person_1055,2025-12-05 18:24:,2025-12-05 18:24:,4432049.9,1
Conut Jnah,Person_1056,2025-12-05 18:20:,2025-12-05 18:20:,2712150.0,1
Conut Jnah,Person_1057,2025-12-05 20:46:,2025-12-05 20:46:,3042900.0,1
Conut Jnah,Person_1058,2025-12-05 17:30:,2025-12-05 17:30:,4233600.0,1
Conut Jnah,Person_1059,2025-12-05 12:43:,2025-12-05 12:43:,1852199.9,1
Conut Jnah,Person_1060,2025-12-05 22:33:,2025-12-05 22:33:,1719900.0,1
Conut Jnah,Person_1061,2025-12-05 18:30:,2025-12-05 18:30:,2381400.0,1
Conut Jnah,Person_1062,2025-12-04 23:55:,2025-12-04 23:55:,4002810.0,1
Conut Jnah,Person_1063,2025-12-04 20:32:,2025-12-04 20:32:,3373649.9,1
Conut Jnah,Person_1064,2025-12-04 20:13:,2025-12-04 20:13:,1587600.0,1
Conut Jnah,Person_1065,2025-12-04 15:38:,2025-12-04 15:38:,3012029.9,1
Conut Jnah,Person_1066,2025-12-05 01:12:,2025-12-05 01:12:,0.0,1
Conut Jnah,Person_1067,2025-12-04 22:07:,2025-12-21 20:11:,2249100.0,2
Conut Jnah,Person_1068,2025-12-03 19:53:,2025-12-03 19:53:,1653750.0,1
Conut Jnah,Person_1069,2025-12-03 19:39:,2025-12-03 19:39:,3672060.0,1
Conut Jnah,Person_1070,2025-12-03 20:55:,2025-12-03 20:55:,2481360.0,1
Conut Jnah,Person_1071,2025-12-03 19:09:,2025-12-03 19:09:,1323000.0,1
Conut Jnah,Person_1072,2025-12-03 11:52:,2025-12-03 11:52:,2447550.0,1
Conut Jnah,Person_1073,2025-12-03 18:08:,2025-12-03 18:08:,2944410.0,1
Conut Jnah,Person_1074,2025-12-03 19:41:,2025-12-03 19:41:,1653750.0,1
Conut Jnah,Person_1075,2025-12-03 15:18:,2025-12-03 15:18:,1719900.0,1
Conut Jnah,Person_1076,2025-12-03 20:35:,2025-12-03 20:35:,4333560.0,1
Conut Jnah,Person_1077,2025-12-03 21:24:,2025-12-03 21:24:,3109049.9,1
Conut Jnah,Person_1078,2025-12-02 19:33:,2025-12-02 19:33:,1323000.0,1
Conut Jnah,Person_1079,2025-12-02 20:05:,2025-12-02 20:05:,5161170.0,1
Conut Jnah,Person_1080,2025-12-02 19:56:,2025-12-02 19:56:,1719900.0,1
Conut Jnah,Person_1081,2025-12-02 20:14:,2025-12-02 20:14:,2910600.0,1
Conut Jnah,Person_1082,2025-12-02 19:10:,2025-12-02 19:10:,2116800.0,1
Conut Jnah,Person_1083,2025-12-02 18:14:,2025-12-02 18:14:,2249100.0,1
Conut Jnah,Person_1084,2025-12-02 16:50:,2025-12-02 16:50:,5159699.9,1
Conut Jnah,Person_1085,2025-12-02 23:13:,2025-12-02 23:13:,1290660.0,1
Conut Jnah,Person_1086,2025-12-02 13:23:,2025-12-02 13:23:,2249100.0,1
Conut Jnah,Person_1087,2025-12-02 17:29:,2025-12-02 17:29:,2182950.0,1
Conut Jnah,Person_1088,2025-12-02 16:08:,2025-12-02 16:08:,5755050.0,1
Conut Jnah,Person_1089,2025-12-02 21:41:,2025-12-02 21:41:,4630499.9,1
Conut Jnah,Person_1090,2025-12-02 22:13:,2025-12-02 22:13:,2315250.0,1
Conut Jnah,Person_0880,2025-12-02 20:18:,2025-12-02 20:18:,2447550.0,1
Conut Jnah,Person_1091,2025-12-02 21:56:,2025-12-02 21:56:,1323000.0,1
Conut Jnah,Person_1092,2025-12-02 20:28:,2025-12-02 20:28:,1653750.0,1
Conut Jnah,Person_1093,2025-12-01 20:16:,2025-12-16 19:00:,6879600.0,2
Conut Jnah,Person_1094,2025-12-01 20:34:,2025-12-01 20:34:,1389150.0,1
Conut Jnah,Person_0754,2025-12-01 18:38:,2025-12-01 18:38:,1521450.0,1
Conut Jnah,Person_1095,2025-12-01 19:17:,2025-12-01 19:17:,3241349.9,1
Conut Jnah,Person_1096,2025-12-01 22:31:,2025-12-01 22:31:,3675000.0,1
Conut Jnah,Person_1097,2025-11-30 20:25:,2025-11-30 20:25:,5225850.0,1
Conut Jnah,Person_1098,2025-11-29 21:18:,2025-11-29 21:18:,2249100.0,1
Conut Jnah,Person_1037,2025-11-29 21:04:,2025-11-29 21:04:,2416680.0,1
Conut Jnah,Person_1099,2025-11-28 19:58:,2025-11-28 19:58:,2679810.0,1
Conut Jnah,Person_0907,2025-11-27 15:13:,2025-11-27 15:13:,1256850.0,1
Conut Jnah,Person_1100,2025-11-26 17:55:,2025-11-26 17:55:,1256850.0,1
Conut Jnah,Person_1101,2025-11-24 20:42:,2025-11-24 20:42:,4233600.0,1
Conut Jnah,Person_1102,2025-11-22 15:29:,2025-11-22 15:32:,0.0,3
Conut Jnah,Person_0767,2025-11-22 21:36:,2025-11-22 21:36:,4630500.0,1
Conut Jnah,Person_1103,2025-11-21 21:05:,2025-11-21 21:05:,3076710.0,1
Conut Jnah,Person_1104,2025-11-19 13:24:,2025-11-19 13:24:,2679810.0,1
Conut Jnah,Person_1105,2025-11-16 19:37:,2025-11-16 19:37:,3505949.9,1
Conut Jnah,Person_1106,2025-11-13 12:37:,2025-11-13 12:37:,3505950.0,1
Conut Jnah,Person_1107,2025-11-13 20:55:,2025-11-13 20:55:,6019650.0,1
Conut Jnah,Person_1108,2025-11-12 21:48:,2025-11-12 21:48:,2579850.0,1
Conut Jnah,Person_1109,2025-11-11 19:24:,2025-11-11 19:24:,4432049.9,1
Conut Jnah,Person_1110,2025-11-10 20:51:,2025-11-10 20:51:,3109049.9,1
Conut Jnah,Person_1111,2025-11-10 21:04:,2025-11-10 21:04:,2976750.0,1
Conut Jnah,Person_0792,2025-11-09 19:10:,2025-11-09 19:10:,1653750.0,1
Conut Jnah,Person_1112,2025-11-09 17:30:,2025-11-10 09:18:,2976750.0,3
Conut Jnah,Person_1113,2025-11-08 17:36:,2025-11-08 17:36:,2349060.0,1
Conut Jnah,Person_1050,2025-11-08 20:20:,2025-11-08 20:20:,2613660.0,1
Conut Jnah,Person_1114,2025-11-07 20:47:,2025-11-07 20:47:,3902850.0,1
Conut Jnah,Person_1115,2025-11-07 21:51:,2025-11-07 21:51:,1256850.0,1
Conut Jnah,Person_1116,2025-11-06 21:42:,2025-11-06 21:42:,2712149.9,1
Conut Jnah,Person_1117,2025-11-06 19:47:,2025-11-06 19:47:,3307499.9,1
Conut Jnah,Person_1118,2025-11-03 17:00:,2025-11-03 17:00:,4498199.9,1
Conut Jnah,Person_0854,2025-11-02 21:23:,2025-12-06 16:31:,3307500.0,2
Conut Jnah,Person_1119,2025-11-02 20:03:,2025-11-02 20:03:,3109049.9,1
Conut Jnah,Person_1120,2025-10-31 12:14:,2025-10-31 12:14:,1323000.0,1
Conut Jnah,Person_1121,2025-10-31 16:41:,2025-10-31 21:13:,0.0,2
Conut Jnah,Person_0974,2025-10-31 12:35:,2025-10-31 12:35:,1852199.9,1
Conut Jnah,Person_1122,2025-10-28 19:38:,2025-10-28 19:38:,2116799.9,1
Conut Jnah,Person_1123,2025-10-28 21:53:,2025-10-28 21:53:,4299750.0,1
Conut Jnah,Person_1124,2025-10-11 19:52:,2025-10-11 19:52:,1886010.0,1
Conut Jnah,Person_0873,2025-10-07 19:29:,2025-10-07 19:29:,3209009.9,1
Conut Jnah,Person_1125,2025-10-03 16:05:,2025-10-10 17:05:,2249099.9,2
Conut Jnah,Person_1126,2025-09-30 21:55:,2025-09-30 21:55:,2182949.9,1
Conut Jnah,Person_0863,2025-09-25 18:29:,2025-09-25 18:29:,1256850.0,1
Conut Jnah,Person_1127,2025-09-17 12:12:,2025-09-17 12:12:,827610.0,1
Conut Jnah,Person_1128,2025-09-14 21:00:,2025-09-14 21:00:,2316720.0,1
Conut Jnah,Person_1129,2025-08-29 20:34:,2025-12-12 20:58:,7541100.0,2
Conut Jnah,Person_1130,2025-10-17 21:30:,2025-10-17 21:30:,1653750.0,1
Conut Jnah,Person_0837,2025-10-07 19:43:,2025-11-20 18:49:,9492524.9,5
Conut Jnah,Person_1131,2025-09-24 14:27:,2025-09-24 14:27:,2050649.9,1
Conut Jnah,Person_1132,2025-09-07 15:59:,2025-09-07 15:59:,6384210.0,1
Conut Jnah,Person_1133,2025-09-01 17:13:,2025-09-01 17:13:,3373649.9,1
Conut Jnah,Person_1134,2025-08-31 13:05:,2025-08-31 22:08:,0.0,4
Conut Jnah,Person_1135,2025-08-20 21:37:,2025-08-20 21:37:,4432049.9,1
Conut Jnah,Person_1136,2025-10-22 16:01:,2025-10-22 16:01:,1984499.9,1
Conut Jnah,Person_1137,2025-10-16 16:59:,2025-10-16 16:59:,4564349.9,1
Conut Jnah,Person_1138,2025-10-13 17:47:,2025-10-13 17:47:,1587600.0,1
Conut Jnah,Person_0840,2025-10-11 21:06:,2025-10-11 21:06:,4365900.0,1
Conut Jnah,Person_1139,2025-10-08 16:23:,2025-10-08 16:23:,1653750.0,1
Conut Jnah,Person_1140,2025-09-14 14:43:,2025-09-14 14:43:,2812110.0,1
Conut Jnah,Person_1141,2025-09-04 21:01:,2025-09-04 21:01:,2910600.0,1
Conut Jnah,Person_1142,2025-10-18 20:30:,2025-10-18 20:30:,1653750.0,1
Conut Jnah,Person_1143,2025-10-05 20:43:,2025-10-05 20:43:,3902849.9,1
Conut Jnah,Person_0849,2025-10-05 20:06:,2025-10-05 20:06:,2116800.0,1
Conut Jnah,Person_1144,2025-08-25 21:32:,2025-08-25 21:32:,4365899.9,1
Conut Jnah,Person_1145,2025-09-24 19:18:,2025-12-11 20:10:,6085799.9,2
Conut Jnah,Person_1146,2025-09-15 14:34:,2025-09-15 14:34:,2116800.0,1
Conut Jnah,Person_1147,2025-09-05 14:38:,2025-09-06 09:47:,1918349.9,3
Conut Jnah,Person_1148,2025-08-27 18:19:,2025-08-29 20:41:,3307499.9,2
Conut Jnah,Person_1149,2025-10-21 21:30:,2025-10-21 21:30:,2646000.0,1
